{"readme.md":"8d7d7662","course_my_我的网站收藏.md":"33c2104d","jx_2-typescript入门.md":"dab859bb","course_7-skills_program-design.md":"a44a4cc9","jx_10-node中间层.md":"56d0e191","guide_前端速通指南.md":"e3876cb2","course_1-introduction.md":"b0920a5b","course_5-dom_bom.md":"e0d94174","course_about_readme.md":"0ec54478","course_6-axios-json-promise.md":"d363bdac","guide_前端速通指南 copy.md":"57effaa8","course_4-js-cases.md":"932f2134","course_前置-node.md":"61c145c5","course_教学大纲.md":"03799dac","course_前置-前后端分离.md":"0585bb0b","course_my_4月.md":"149eb3c5","jx_1-git.md":"c02a0755","course_思想.md":"c79da5eb","jx_5-elementui.md":"004086d3","course_8-vue3.md":"eb6d64d5","jx_0-目标.md":"facb9fe9","course_9-sb.md":"ec98282e","lqb_1-介绍.md":"95ab3a12","course_my_我的项目.md":"6cea1669","jx_8-pinia.md":"65b64ce4","jx_7-node-express.md":"de9e4d9e","jx_6-promise-axios.md":"72f77258","course_main_前端速通指南.md":"01de2cb9","jx_开发-首页login.md":"6ae4f2a4","jx_4-vue-router.md":"4f5b7c4a","lqb_en.md":"61f298af","other_阿德勒心理学.md":"94a698f8","tx_4-完美封装各类组件.md":"267f1240","tx_3-二维数组小游戏.md":"ad2cc440","jx_9-nodejwt.md":"5b0a433f","jx_绩效1.1.md":"691bb5ac","other_随记.md":"2127359d","tx_0-介绍.md":"bb623ad2","tx_2-拖拽api.md":"1a5de615","index.md":"a78c3a83","other_新手常见问题篇.md":"752a6d93","course_2-html_css.md":"b6a1c562","tx_5-基于正则的parser.md":"429475b8","tx_1-树形结构转换.md":"ddeffb0a","course_3-js-array-object.md":"69fb9a20","jx_3-vue3语法.md":"fc976455","other_我收集的一些js例子.md":"076178de"}
